{
  "iterations": [],
  "neural_network_history": {
    "accuracy": [
      0.5701191425323486,
      0.5637030005455017,
      0.5921173095703125,
      0.6003666520118713,
      0.6031163930892944,
      0.5912007093429565,
      0.6186984181404114,
      0.6076993346214294,
      0.5994500517845154,
      0.6086159348487854,
      0.6067827939987183,
      0.6315307021141052,
      0.6406965851783752
    ],
    "loss": [
      0.6971989870071411,
      0.6851943135261536,
      0.6779419183731079,
      0.6759716868400574,
      0.6649187803268433,
      0.6697795391082764,
      0.6548983454704285,
      0.6599722504615784,
      0.6642799973487854,
      0.6570641994476318,
      0.6516745686531067,
      0.6414042711257935,
      0.6403338313102722
    ],
    "val_accuracy": [
      0.5091575384140015,
      0.523809552192688,
      0.5494505763053894,
      0.5274725556373596,
      0.5347985625267029,
      0.5311355590820312,
      0.5164835453033447,
      0.5201465487480164,
      0.5091575384140015,
      0.5054945349693298,
      0.5164835453033447,
      0.5274725556373596,
      0.5164835453033447
    ],
    "val_loss": [
      0.6966376900672913,
      0.6927934288978577,
      0.6872155666351318,
      0.6923977136611938,
      0.6976755261421204,
      0.6956450939178467,
      0.6974610090255737,
      0.7017163038253784,
      0.695270299911499,
      0.6976958513259888,
      0.7043731808662415,
      0.7022767663002014,
      0.7111659646034241
    ]
  },
  "evaluation": {
    "neural_network": {
      "accuracy": 0.6140350877192983,
      "auc_roc": 0.6448676951189515,
      "classification_report": {
        "0": {
          "precision": 0.5413533834586466,
          "recall": 0.5034965034965035,
          "f1-score": 0.5217391304347826,
          "support": 143.0
        },
        "1": {
          "precision": 0.6602870813397129,
          "recall": 0.6934673366834171,
          "f1-score": 0.6764705882352942,
          "support": 199.0
        },
        "accuracy": 0.6140350877192983,
        "macro avg": {
          "precision": 0.6008202323991798,
          "recall": 0.5984819200899603,
          "f1-score": 0.5991048593350383,
          "support": 342.0
        },
        "weighted avg": {
          "precision": 0.6105574942140038,
          "recall": 0.6140350877192983,
          "f1-score": 0.6117729319035013,
          "support": 342.0
        }
      }
    },
    "logistic_regression": {
      "accuracy": 0.652046783625731,
      "auc_roc": 0.6926239589556172,
      "classification_report": {
        "0": {
          "precision": 0.581081081081081,
          "recall": 0.6013986013986014,
          "f1-score": 0.5910652920962199,
          "support": 143.0
        },
        "1": {
          "precision": 0.7061855670103093,
          "recall": 0.6884422110552764,
          "f1-score": 0.6972010178117048,
          "support": 199.0
        },
        "accuracy": 0.652046783625731,
        "macro avg": {
          "precision": 0.6436333240456952,
          "recall": 0.6449204062269389,
          "f1-score": 0.6441331549539624,
          "support": 342.0
        },
        "weighted avg": {
          "precision": 0.6538757965779127,
          "recall": 0.652046783625731,
          "f1-score": 0.6528226295739437,
          "support": 342.0
        }
      }
    }
  }
}