{
  "iterations": [],
  "neural_network_history": {
    "accuracy": [
      0.48029330372810364,
      0.5508707761764526,
      0.5545371174812317,
      0.5618698596954346,
      0.5682860016822815,
      0.5462878346443176,
      0.5829514265060425,
      0.6003666520118713,
      0.5912007093429565,
      0.6067827939987183,
      0.5838680267333984,
      0.6159486770629883,
      0.6278643608093262,
      0.6315307021141052,
      0.6232814192771912,
      0.6278643608093262,
      0.6581118106842041,
      0.6361136436462402,
      0.6370302438735962,
      0.6443629860877991,
      0.650779128074646,
      0.6379468441009521
    ],
    "loss": [
      0.7325029373168945,
      0.6970443725585938,
      0.6912215948104858,
      0.682772696018219,
      0.6815388798713684,
      0.6795503497123718,
      0.6699676513671875,
      0.6679245233535767,
      0.6653405427932739,
      0.6570503115653992,
      0.6638737916946411,
      0.6579939723014832,
      0.6472507119178772,
      0.6347582340240479,
      0.6469177603721619,
      0.6455506682395935,
      0.6382449865341187,
      0.637737512588501,
      0.6388092041015625,
      0.633832573890686,
      0.6145110130310059,
      0.6282559037208557
    ],
    "val_accuracy": [
      0.5787546038627625,
      0.5604395866394043,
      0.5641025900840759,
      0.5421245694160461,
      0.5567765831947327,
      0.5641025900840759,
      0.5567765831947327,
      0.5641025900840759,
      0.5714285969734192,
      0.5824176073074341,
      0.5677655935287476,
      0.5714285969734192,
      0.5567765831947327,
      0.5457875728607178,
      0.5311355590820312,
      0.5641025900840759,
      0.5604395866394043,
      0.5677655935287476,
      0.5677655935287476,
      0.5384615659713745,
      0.553113579750061,
      0.5677655935287476
    ],
    "val_loss": [
      0.6802973747253418,
      0.6829007267951965,
      0.6806950569152832,
      0.6804269552230835,
      0.6813353300094604,
      0.6807048916816711,
      0.6828011870384216,
      0.6781284213066101,
      0.6820470094680786,
      0.6844841241836548,
      0.6775849461555481,
      0.6774799823760986,
      0.677943229675293,
      0.6829919219017029,
      0.6815485954284668,
      0.6825039386749268,
      0.6790048480033875,
      0.6817123889923096,
      0.6896460056304932,
      0.6864421367645264,
      0.6848948001861572,
      0.6820849776268005
    ]
  },
  "evaluation": {
    "neural_network": {
      "accuracy": 0.6461988304093568,
      "auc_roc": 0.6770566117299786,
      "classification_report": {
        "0": {
          "precision": 0.5964912280701754,
          "recall": 0.4755244755244755,
          "f1-score": 0.5291828793774319,
          "support": 143.0
        },
        "1": {
          "precision": 0.6710526315789473,
          "recall": 0.7688442211055276,
          "f1-score": 0.7166276346604216,
          "support": 199.0
        },
        "accuracy": 0.6461988304093568,
        "macro avg": {
          "precision": 0.6337719298245614,
          "recall": 0.6221843483150016,
          "f1-score": 0.6229052570189267,
          "support": 342.0
        },
        "weighted avg": {
          "precision": 0.6398763722170924,
          "recall": 0.6461988304093568,
          "f1-score": 0.6382516112526219,
          "support": 342.0
        }
      }
    },
    "logistic_regression": {
      "accuracy": 0.652046783625731,
      "auc_roc": 0.6926239589556172,
      "classification_report": {
        "0": {
          "precision": 0.581081081081081,
          "recall": 0.6013986013986014,
          "f1-score": 0.5910652920962199,
          "support": 143.0
        },
        "1": {
          "precision": 0.7061855670103093,
          "recall": 0.6884422110552764,
          "f1-score": 0.6972010178117048,
          "support": 199.0
        },
        "accuracy": 0.652046783625731,
        "macro avg": {
          "precision": 0.6436333240456952,
          "recall": 0.6449204062269389,
          "f1-score": 0.6441331549539624,
          "support": 342.0
        },
        "weighted avg": {
          "precision": 0.6538757965779127,
          "recall": 0.652046783625731,
          "f1-score": 0.6528226295739437,
          "support": 342.0
        }
      }
    }
  }
}