{
  "iterations": [],
  "neural_network_history": {
    "accuracy": [
      0.5178735256195068,
      0.5261228084564209,
      0.5261228084564209,
      0.5444546341896057,
      0.5435380339622498,
      0.5444546341896057,
      0.5637030005455017,
      0.5682860016822815,
      0.5664528012275696,
      0.5637030005455017,
      0.5811182260513306,
      0.5948671102523804,
      0.5756186842918396,
      0.5765352845191956,
      0.6049495935440063,
      0.5957837104797363,
      0.5902841687202454,
      0.6223648190498352,
      0.6214482188224792,
      0.6159486770629883
    ],
    "loss": [
      0.7528005242347717,
      0.7177581787109375,
      0.7171798944473267,
      0.709253191947937,
      0.6957834362983704,
      0.6999781131744385,
      0.6890828609466553,
      0.6884031295776367,
      0.6844050884246826,
      0.6720008850097656,
      0.6799944639205933,
      0.6667455434799194,
      0.6779281497001648,
      0.6750657558441162,
      0.6583986878395081,
      0.6639659404754639,
      0.6641733646392822,
      0.6531969308853149,
      0.6523622870445251,
      0.6571155786514282
    ],
    "val_accuracy": [
      0.47252747416496277,
      0.523809552192688,
      0.553113579750061,
      0.5091575384140015,
      0.5714285969734192,
      0.5421245694160461,
      0.5384615659713745,
      0.5384615659713745,
      0.5164835453033447,
      0.5384615659713745,
      0.5128205418586731,
      0.5054945349693298,
      0.5054945349693298,
      0.5164835453033447,
      0.49450549483299255,
      0.5164835453033447,
      0.5164835453033447,
      0.4981684982776642,
      0.49450549483299255,
      0.4981684982776642
    ],
    "val_loss": [
      0.6997841000556946,
      0.6979737281799316,
      0.7039765119552612,
      0.7001168131828308,
      0.6920401453971863,
      0.6894309520721436,
      0.688280463218689,
      0.6901842951774597,
      0.6925522089004517,
      0.6863709092140198,
      0.691174328327179,
      0.6899638772010803,
      0.6926475763320923,
      0.6903329491615295,
      0.6927710175514221,
      0.6877656579017639,
      0.6877807378768921,
      0.6923491954803467,
      0.6974945068359375,
      0.7009952664375305
    ]
  },
  "evaluation": {
    "neural_network": {
      "accuracy": 0.5760233918128655,
      "auc_roc": 0.6009769125347015,
      "classification_report": {
        "0": {
          "precision": 0.4925373134328358,
          "recall": 0.46153846153846156,
          "f1-score": 0.47653429602888087,
          "support": 143.0
        },
        "1": {
          "precision": 0.6298076923076923,
          "recall": 0.6582914572864321,
          "f1-score": 0.6437346437346437,
          "support": 199.0
        },
        "accuracy": 0.5760233918128655,
        "macro avg": {
          "precision": 0.5611725028702641,
          "recall": 0.5599149594124468,
          "f1-score": 0.5601344698817623,
          "support": 342.0
        },
        "weighted avg": {
          "precision": 0.5724110134214219,
          "recall": 0.5760233918128655,
          "f1-score": 0.5738233872377897,
          "support": 342.0
        }
      }
    },
    "logistic_regression": {
      "accuracy": 0.6403508771929824,
      "auc_roc": 0.6894964332150262,
      "classification_report": {
        "0": {
          "precision": 0.5675675675675675,
          "recall": 0.5874125874125874,
          "f1-score": 0.5773195876288659,
          "support": 143.0
        },
        "1": {
          "precision": 0.6958762886597938,
          "recall": 0.678391959798995,
          "f1-score": 0.6870229007633588,
          "support": 199.0
        },
        "accuracy": 0.6403508771929824,
        "macro avg": {
          "precision": 0.6317219281136807,
          "recall": 0.6329022736057912,
          "f1-score": 0.6321712441961124,
          "support": 342.0
        },
        "weighted avg": {
          "precision": 0.6422267356884828,
          "recall": 0.6403508771929824,
          "f1-score": 0.6411528019965972,
          "support": 342.0
        }
      }
    }
  }
}